path,source_path,kind,purpose,symbols,bytes,original_encoding,bom,source_blob_sha1,sha256,byte_verified,restoration,source_U_FFFD_count
"Assets/Scripts/Animation/EntityAnimation.cs","Assets/Scripts/Animation/EntityAnimation.cs","project_csharp","Animator 속도·방향·사망 상태 설정","EntityAnimation","1385","UTF-8","none","4a83c1b06ad044ddaa095b8412bef278e049bfb9","ad2d0a6478171e564f7ee81890d120b69da5cd610db9766a33a12ed398060f46","true","none","0"
"Assets/Scripts/DamagePopup/DamagePopup.cs","Assets/Scripts/DamagePopup/DamagePopup.cs","project_csharp","피해 수치 표시·DOTween 애니메이션·풀 반환 요청","DamagePopup","1683","CP949","none","cb715542e1214ebe5e491ef4cd99d06924c0da37","d1c73cb55ee2f60c7749bb829e42996a639087f9839a93b54db5a78a7656b993","true","UTF-8 connector text re-encoded as codepage 949; exact blob and size matched","0"
"Assets/Scripts/DamagePopup/DamagePopupManager.cs","Assets/Scripts/DamagePopup/DamagePopupManager.cs","project_csharp","피해 팝업 풀 생성·표시·비활성화","DamagePopupManager","657","CP949","none","57efdd00cf72d8ba55d0d8f1c1f771aedfae5547","5be2902f6ffa21e3c93eaad80c1cfacff4ad2232003e26f937c330d2854283e8","true","UTF-8 connector text re-encoded as codepage 1252; exact blob and size matched","0"
"Assets/Scripts/DB/DatabaseInitializer.cs","Assets/Scripts/DB/DatabaseInitializer.cs","project_csharp","DB 초기화·상태 확인·만료 세션 정리·종료 처리","DatabaseInitializer","13614","UTF-8","none","c94b38f022ca291c2db03700b2bd8b91bf4fc22b","9e9a5309b427c296d078086bc11a4ee8b36944fc1363772e18b8df4a6e4a4cdc","true","none","0"
"Assets/Scripts/DB/DatabaseManager.cs","Assets/Scripts/DB/DatabaseManager.cs","project_csharp","SQLite 연결·테이블/인덱스/뷰 정의·파라미터 SQL 실행","DatabaseManager","16558","UTF-8","none","0ee08e34721c0a953937a260b348b2d9fd6bdc75","1ae0e987ff57b02dce9a99f08fc35dd8e21f88e2355c360c43166f6205e04ead","true","none","0"
"Assets/Scripts/DB/EntityGameManager.cs","Assets/Scripts/DB/EntityGameManager.cs","project_csharp","Unity 인스턴스 ID와 DB 엔티티 ID 매핑 및 게임 이벤트 연결","EntityGameManager;GameStatusInfo","11140","UTF-8","none","fc2fab3293236ea845b67c16256c1d5b64873756","70aeb148c65368fbdf44fdeba2e30fc8b961d4e80111d58ae49aa9da543eb295","true","none","0"
"Assets/Scripts/DB/EntityRepository.cs","Assets/Scripts/DB/EntityRepository.cs","project_csharp","Player/AI 엔티티 생성·ID/이름 조회","EntityRepository","5247","UTF-8","none","6daee74ed212d16287ad5c3aa3485ec90c216404","c0dbea6d23de5a84b59bee41855b9918c6681c8c7bdc45afdb96733d0b59ff28","true","none","0"
"Assets/Scripts/DB/GameSessionManager.cs","Assets/Scripts/DB/GameSessionManager.cs","project_csharp","현재 세션·플레이어 ID와 점수/사망/종료 흐름 조정","GameSessionManager","15203","UTF-8","none","7906cbc319952117d787cdb996dd3900501d76fc","906a3570093d6891854546d4ba736940ee9abb96897108bd351bdf64f53c921b","true","none","0"
"Assets/Scripts/DB/GameSessionRepository.cs","Assets/Scripts/DB/GameSessionRepository.cs","project_csharp","세션 생성·ID 조회·종료 시각/플레이 시간 기록","GameSessionRepository;SessionDetailModel","5209","UTF-8","none","8dc8be1afa13577a26cddfddeec9ae43c48eb369","b69e6a094fb9511a9d28c52e5de82db3c54f15e67cb88e300a86eed342669a4e","true","none","0"
"Assets/Scripts/DB/Models/EntityModel.cs","Assets/Scripts/DB/Models/EntityModel.cs","project_csharp","영구 EntityModel과 세션별 SessionEntityModel 정의","EntityModel;SessionEntityModel","2801","UTF-8","none","2eab2117267ac81d8709e92ca97ec89c98d7e3fe","c9c45bcfcef3d47b0a2a152a832a4d8a9ba2b17260e23ceec34cb305984374d9","true","none","0"
"Assets/Scripts/DB/Models/GameSessionModel.cs","Assets/Scripts/DB/Models/GameSessionModel.cs","project_csharp","세션 시간·완료 상태 모델과 표시 형식","GameSessionModel","2498","UTF-8","none","a6c7119764784cb09161d9eca15c9aed370b721c","86c9186ffb53b484ce7a98ab64d327593c8c11827646ecd701c07a7fd7e73de2","true","none","0"
"Assets/Scripts/DB/Models/PlayerModel.cs","Assets/Scripts/DB/Models/PlayerModel.cs","project_csharp","플레이어 기록·통계 모델","PlayerModel","2072","UTF-8","none","bbaae8735a1b4e2121a22c0f1f9d5d8b6c0d6ddf","92747c7fc7592e4367652fc4c1ee2a91234967616b28016198b21c5793fccc89","true","none","0"
"Assets/Scripts/DB/Models/RankingData.cs","Assets/Scripts/DB/Models/RankingData.cs","project_csharp","랭킹 결과·시간·점수 표시 모델","RankingData","2053","UTF-8","none","e024f241cbf6829fc54494ee449440f765735895","949459c16c2162ed860b8470fa4413dc7f47f603c7c2235c170c658490f9eba1","true","none","0"
"Assets/Scripts/DB/PlayerRepository.cs","Assets/Scripts/DB/PlayerRepository.cs","project_csharp","플레이어 생성·조회·최고 점수·누적 통계 갱신","PlayerRepository","7499","UTF-8","none","01e5663ff182d459b10e3588948e8f166d6e6ecc","c63fcb48af626d2bd3c1c65347736cd2874b3cb4c3273e19cab4be4e7640c343","true","none","0"
"Assets/Scripts/DB/RankingManager.cs","Assets/Scripts/DB/RankingManager.cs","project_csharp","실시간/종료/완료 기록 랭킹·전체 시스템 집계·임시 랭킹 정리","RankingManager","17253","UTF-8","none","35d1b1b2e9eca83ce421c59a9992672dd34e23f1","1aa9e3c9b416a5d06b0e8eea2c105a6538a4537d3f7afc8785a54904781cc6e2","true","none","0"
"Assets/Scripts/DB/SessionEntityRepository.cs","Assets/Scripts/DB/SessionEntityRepository.cs","project_csharp","세션 참가 엔티티 조회·점수/레벨/킬/생사 갱신","SessionEntityRepository","12057","UTF-8","none","bfc9d8756e59262d4a8c253825889d38368159ac","0d7a52c41420d0655c925c8a2734a6664361a627a6924209ab9e76001997020f","true","none","0"
"Assets/Scripts/EnemySpawner.cs","Assets/Scripts/EnemySpawner.cs","project_csharp","적 풀 생성·재사용과 생성/사망 이벤트, 현재 생존 수에 따른 생성 간격","EnemySpawner","4554","CP949","none","494dfa1f0e9d3e6dd36af4809e99103718bf7a23","c8639ab04b3acdfb548afc1fbf37710f34ce009e9246adbc031d0f11f226302b","true","UTF-8 connector text re-encoded as codepage 949; exact blob and size matched","0"
"Assets/Scripts/Entity/Enemy.cs","Assets/Scripts/Entity/Enemy.cs","project_csharp","AI/FSM 초기화·DB 등록·사망 처리 후 지연 풀 반환","Enemy","2017","CP949","none","bd8ab8e5c30c5a3ef26ff5ec66795664ce1087c2","5d9d1855aca511cc1c6ea84705d1f140beda646be53cbea1c8ffaf115e597bcc","true","UTF-8 connector text re-encoded as codepage 949; exact blob and size matched","0"
"Assets/Scripts/Entity/Entity.cs","Assets/Scripts/Entity/Entity.cs","project_csharp","공통 피해·점수·경험치·무기 연결·사망 이벤트","Entity","6547","UTF-8","none","11637324d82a3f542ca78dd72cb0f8640956ae13","e4904fdc82705875d38e17a128cbc3a9c56a9d27d88effccb82bd818ad8a9766","true","none","4"
"Assets/Scripts/Entity/EntityData.cs","Assets/Scripts/Entity/EntityData.cs","project_csharp","레벨·HP·점수 등 엔티티 상태 데이터","EntityData","1366","UTF-8","none","0b517fb7e34d6b228c063be8314b03340cc33a90","384f15b2e28686d7e26ca8484a3d7bf611d2bbd2601cf69d3beb1c5cbbe00177","true","none","0"
"Assets/Scripts/Entity/EntityInfo.cs","Assets/Scripts/Entity/EntityInfo.cs","project_csharp","엔티티 이름·이미지 식별 데이터","EntityInfo","668","UTF-8","none","f02bebec53e54293143a72e5ebccd91554d68f07","6baf8143d43d7e21aebc3d0dab57b8f82ff0be3932a24d1012b27dcf649d26f1","true","none","0"
"Assets/Scripts/Entity/EntityUI.cs","Assets/Scripts/Entity/EntityUI.cs","project_csharp","피해 이벤트의 HP HUD와 카메라 방향 표시","EntityUI","854","UTF-8","none","bdfa9d790dcb9f4bd540166e312850519e558760","a86c5c5e079827cf77d3294048063c6a59042371679c04c67e997a0df752b597","true","none","0"
"Assets/Scripts/Entity/Player.cs","Assets/Scripts/Entity/Player.cs","project_csharp","키보드 이동·마우스 조준·자동 공격·사망·레벨업","Player","5770","UTF-8","none","94a557e2119c2ce77b7a0701bff47805b2ffa0c2","2f1057010b8df918b13c3105bc68997e8a003f3f0e5d2f8b58acd0c5568ffe87","true","none","67"
"Assets/Scripts/Entity/Player/LevelupStorage.cs","Assets/Scripts/Entity/Player/LevelupStorage.cs","project_csharp","스킬/무기 후보 초기화·선택·무기 교체","LevelupStorage","2519","CP949","none","b3090fc58763b3ca46d9a85d8fc3fdefb9947bec","815f2fffe8c00f990e41b1e48f01eee3e8161b541ba5e409f495af37472559bd","true","UTF-8 connector text re-encoded as codepage 949; exact blob and size matched","0"
"Assets/Scripts/EntitySpawner.cs","Assets/Scripts/EntitySpawner.cs","project_csharp","엔티티 공통 의존성 주입·스킨 적용·스폰 위치 선택","EntitySpawner","2851","CP949","none","cff54edc244b233710ad46c6a161f6f0923e4bb1","e20bf56969721aaf18ed853034c96f536efa40039b5740b4c12a590a51efdb4f","true","UTF-8 connector text re-encoded as codepage 949; exact blob and size matched","0"
"Assets/Scripts/etc/PlayerDataManager.cs","Assets/Scripts/etc/PlayerDataManager.cs","project_csharp","씬 사이의 입력 이름·스킨 인덱스 보관","PlayerDataManager","901","CP949","none","88c07b579ffb4caed7e54f0c9f17fa5cddb7755f","b109bebca28104b0a0902a98b2537b78b30d43eb50d55ad018013fe617a64a8e","true","UTF-8 connector text re-encoded as codepage 949; exact blob and size matched","0"
"Assets/Scripts/etc/TitlePlayerInfo.cs","Assets/Scripts/etc/TitlePlayerInfo.cs","project_csharp","타이틀의 완료 기록 점수와 시스템 전체 집계 표시","TitlePlayerInfo","1491","CP949","none","0634a03f4b2f22d6daf445923bb6fb8485d66f11","fda19e06d7d9041562be7d860c4c40a403bb14d2314d4e6f2d5df95509bebc2e","true","UTF-8 connector text re-encoded as codepage 949; exact blob and size matched","0"
"Assets/Scripts/etc/TitleRanking.cs","Assets/Scripts/etc/TitleRanking.cs","project_csharp","완료 기록을 날짜 포함 랭킹 행으로 표시","TitleRanking","2196","CP949","none","e836d485ef9dead0b23f8223c445b5a755afd7f8","7f74d6d2efc5f73b718408b1709d6f30d0f4c1c4c936e8d5670acdf70d99697e","true","UTF-8 connector text re-encoded as codepage 949; exact blob and size matched","0"
"Assets/Scripts/etc/TitleSceneManager.cs","Assets/Scripts/etc/TitleSceneManager.cs","project_csharp","입력 이름 검증·보관과 게임 씬 전환","TitleSceneManager","905","CP949","none","ba026fbb487fb8151d3db113b59ea9c9fad62f84","53c65302300ca2d77627a1e49e46fb284ce0007a6214cb18295542306673b03c","true","UTF-8 connector text re-encoded as codepage 949; exact blob and size matched","0"
"Assets/Scripts/FSM/AIInput.cs","Assets/Scripts/FSM/AIInput.cs","project_csharp","주변 엔티티 탐지·가까운 목표 선택·거리/방향 제공","AIInput","2059","CP949","none","c4f8fd6927c91c5c16f19f37d7c0e1ee6467f852","4f284474c743215c3f4f3253fe85cc244573a0c99d51fd742ce02c2cff377207","true","UTF-8 connector text re-encoded as codepage 1252; exact blob and size matched","0"
"Assets/Scripts/FSM/FSM.cs","Assets/Scripts/FSM/FSM.cs","project_csharp","상태·전이 등록과 조건에 따른 상태 전환/실행","EntityStates;FSM","3508","CP949","none","ed3ac0a5b7f5e45e8f73624e4585d22ab237ecb5","0882075424fa66dd9226afcfc5ef5d1c663d459e4734bc6c9e505acef0840fb2","true","UTF-8 connector text re-encoded as codepage 949; exact blob and size matched","0"
"Assets/Scripts/FSM/State/AttackState.cs","Assets/Scripts/FSM/State/AttackState.cs","project_csharp","목표를 향한 회전과 정렬 후 공격 실행","AttackState","1448","UTF-8","none","3cf1d4d229d07ca7cd037d8cf788fa52fbe9527a","25c60956b403aab69f73c178a175e1f21003720d8987841af4071dfe0574bf25","true","none","0"
"Assets/Scripts/FSM/State/ChaseState.cs","Assets/Scripts/FSM/State/ChaseState.cs","project_csharp","NavMeshAgent로 목표 추적","ChaseState","915","UTF-8","none","de5c8da3d7f35cc0db6ae5bf666768a801779fca","dd521f24b71415e5a7844cba2401780e442c224a6147524d0e1aa953149b6ca1","true","none","0"
"Assets/Scripts/FSM/State/DeadState.cs","Assets/Scripts/FSM/State/DeadState.cs","project_csharp","콜라이더 비활성화·사망 애니메이션·사망 이벤트","DeadState","702","UTF-8","none","2906b191804a6f01ad68399759b36486d21441f9","1fc6ba8277e92c1521a61bc09a1fc157d462931a8e0fa658f4245e8d89ee2541","true","none","0"
"Assets/Scripts/FSM/State/FleeState.cs","Assets/Scripts/FSM/State/FleeState.cs","project_csharp","목표 반대 방향으로 도주","FleeState","1198","UTF-8","none","09b8d9f0f055428ee5fb98e28e653b50677dde42","ee2730a0005d32eb43390f714dcae76df82084f85a16e880663845402097a5fb","true","none","0"
"Assets/Scripts/FSM/State/IdleState.cs","Assets/Scripts/FSM/State/IdleState.cs","project_csharp","정지 애니메이션 상태","IdleState","489","UTF-8","none","7abf773d94971ff755362b366bc572b606c5777f","39803282dd2f6bbb44ea73256887f5428cb2b6343f9284191b9c26fe23124fa3","true","none","0"
"Assets/Scripts/FSM/State/IState.cs","Assets/Scripts/FSM/State/IState.cs","project_csharp","상태 Enter/Execute/Exit 인터페이스","IState","244","CP949","none","7ce161f0ee768f6582ee5be0720866a7713e612a","0cd21c044e9b13f6f2c8d05d3188c162a5199000bb8efc876ebc26f930f7cee8","true","UTF-8 connector text re-encoded as codepage 949; exact blob and size matched","0"
"Assets/Scripts/FSM/State/PatrolState.cs","Assets/Scripts/FSM/State/PatrolState.cs","project_csharp","NavMeshAgent의 반경 순찰·시간/거리 기반 목표 변경","PatrolState","1719","UTF-8","none","daec593e7718a04f06e1402d18c99d935511a1e3","24fc50d7beaff53c3fca7cd1c04005bdf01bdad47447f0e6181135ea72a9460b","true","none","0"
"Assets/Scripts/FSM/Transition/AttackTransition.cs","Assets/Scripts/FSM/Transition/AttackTransition.cs","project_csharp","공격 거리와 지형 차폐 검사","AttackTransition","782","CP949","none","2a5ccd15f4075ed428176ef1287e364545331528","5666effee08510ac9eec15c0b7f2262775a68a8b03793ebc302af60a39c20f76","true","UTF-8 connector text re-encoded as codepage 949; exact blob and size matched","0"
"Assets/Scripts/FSM/Transition/ChaseTransition.cs","Assets/Scripts/FSM/Transition/ChaseTransition.cs","project_csharp","추적 범위 검사","ChaseTransition","410","UTF-8","none","056ecdd40d0d57432b3974564255c01254f04de1","bb0c57cac94dfcf2f2c7c099bcdcf6e113efb0c45a8fdac495a4764c1864b3e9","true","none","0"
"Assets/Scripts/FSM/Transition/DeadTransition.cs","Assets/Scripts/FSM/Transition/DeadTransition.cs","project_csharp","엔티티 사망 상태 검사","DeadTransition","237","UTF-8","none","e835b88232143c9f269593e02dfe8567c78a1f97","bdd81150437d89a0317eef25e2de21608070348e8221cc46422616e38939ee94","true","none","0"
"Assets/Scripts/FSM/Transition/FleeTransition.cs","Assets/Scripts/FSM/Transition/FleeTransition.cs","project_csharp","목표 거리와 양쪽 HP 비율로 도주 조건 검사","FleeTransition","533","UTF-8","none","9e5c660c399920a21b9bbae66cabf34be58773d7","e28b270f6d05eb5610d1fcbb684312960fe0c89a3763625696c7450933749764","true","none","0"
"Assets/Scripts/FSM/Transition/IdleTransition.cs","Assets/Scripts/FSM/Transition/IdleTransition.cs","project_csharp","항상 참인 대기 전이 조건","IdleTransition","222","UTF-8","none","256930064be00714373b9559fca416c76ca699cd","3b196561d84032e100b0f3e4cc239d293d4d5f74a1cbf9b46d764ce6bf89c35f","true","none","0"
"Assets/Scripts/FSM/Transition/ITransition.cs","Assets/Scripts/FSM/Transition/ITransition.cs","project_csharp","전이 조건 검사 추상 기반; 파일명과 달리 abstract class","ITransition","344","UTF-8","none","976ad8c0f26a58d852971a7d7223710353536e2b","020c0205f92be9a355eb8c7052a352d035828cb27ade2e53504d1d6fd665fdb5","true","none","0"
"Assets/Scripts/FSM/Transition/PatrolTransition.cs","Assets/Scripts/FSM/Transition/PatrolTransition.cs","project_csharp","항상 참인 순찰 전이 조건","PatrolTransition","228","UTF-8","none","76ca61e49e9aadb662d17cb3f6d0dd7c105d1451","12d055d84444504a8cbad203afd2dc8ad4f0992f3c973d1c64b8925389a5d0c3","true","none","0"
"Assets/Scripts/IAttack.cs","Assets/Scripts/IAttack.cs","project_csharp","공격 동작 인터페이스","IAttack","48","UTF-8","none","f1599bbc3b356bb26797075dc683cfbdfb7fe09a","cfb637305bdece21bb4d40d5a5a39d3e09b032795a1e5190fc5c64e9e8e81a10","true","none","0"
"Assets/Scripts/IDamageable.cs","Assets/Scripts/IDamageable.cs","project_csharp","피해 처리·사망 상태 인터페이스","IDamageable","186","UTF-8","none","545be78820db61b30a96b0835dc4c6765f9a6f63","e81dae29a9aad8a866ee6a718489741ffbb1693068646a35cbf9248bebd0e5d1","true","none","0"
"Assets/Scripts/KillLog/KillLog.cs","Assets/Scripts/KillLog/KillLog.cs","project_csharp","사망자·무기·공격자 표시 데이터","KillLog","285","UTF-8","none","be648fffc54a54e4469026d11492d2068bdeba7e","84545d0126ba69df579cb91fa38e342405d005bcd19afc8f122c70b4d497b206","true","none","0"
"Assets/Scripts/KillLog/KillLogManager.cs","Assets/Scripts/KillLog/KillLogManager.cs","project_csharp","킬 로그 UI 생성·무기 아이콘·DOTween 출입·시간/수량 제거","Pair;KillLogManager","9151","CP949","none","5a7f73fb05b74227d4a01058d2099060e147f37d","108175d9bbdeee47f296fd9a5389ff9d0ab3ab72a1f32aa8ae69c35a640fe6e0","true","UTF-8 connector text re-encoded as codepage 949; exact blob and size matched","0"
"Assets/Scripts/MemoryPool.cs","Assets/Scripts/MemoryPool.cs","project_csharp","Component 풀의 확장·활성화·비활성화 관리","MemoryPool;PoolItem","4326","CP949","none","265217165c9b899656ebe12b0d048d0d1c02fb21","a92e3cd997fc5faa02469c5c9643f81f29621b7de59b4f82b90e83073d4afa01","true","UTF-8 connector text re-encoded as codepage 949; exact blob and size matched","0"
"Assets/Scripts/PlayerSpawner.cs","Assets/Scripts/PlayerSpawner.cs","project_csharp","플레이어 생성과 생성/사망 이벤트; 스킬 초기화 오버로드 미호출","PlayerSpawner","4794","UTF-8","none","656201845ca97e68b4ecc054fbd27bd15e4a5c19","a00f1a3bfae1f0717e5bee44721df20dd07a175f4211054fedea71ec37a575d7","true","none","0"
"Assets/Scripts/ScoreBlock.cs","Assets/Scripts/ScoreBlock.cs","project_csharp","점수 블록의 DOTween 이동·흡수와 플레이어 점수 반영","ScoreBlock","6923","UTF-8","none","a3d223fa77d84f796e2f21a445174edc381809eb","19653127adfd6d9151ae2ff79a0c995a54ce498b2859b1ab23d865ee1ee8b14d","true","none","0"
"Assets/Scripts/ScoreBlockSpawner.cs","Assets/Scripts/ScoreBlockSpawner.cs","project_csharp","점수 블록 배치·사망 드롭·재생성 큐","ScoreBlockSpawner","4198","CP949","none","4ec93c0327c0caa4bd6ca94c37be95f99257a84f","d4ad3beec152b7386b0e7e2c4bb4be8b2d37ec518e3127b779ffe0edd4a79f5d","true","UTF-8 connector text re-encoded as codepage 949; exact blob and size matched","0"
"Assets/Scripts/SessionManager.cs","Assets/Scripts/SessionManager.cs","project_csharp","세션 시작/종료와 스포너·UI·카메라 이벤트 연결","EntityBasicData;SessionManager","5813","UTF-8","none","49e745a08d1e785b177d3c8cfbc0bd8f972a7a18","ce33ba7e726fb4a0f38b8c72c57ebe637829478cf4c81d892afd755bd34d83ee","true","none","0"
"Assets/Scripts/UI/Button/ButtonController.cs","Assets/Scripts/UI/Button/ButtonController.cs","project_csharp","설정 패널 열기/닫기·DOTween 효과·버튼 제어","ButtonController;AnimationType","9543","CP949","none","151851270339b27fa903dda16760388c5567d216","3a93db40debae69423024cdef5998411707a4fa318fb56fa3482213cda0e81ef","true","UTF-8 connector text re-encoded as codepage 949; exact blob and size matched","0"
"Assets/Scripts/UI/Button/LoadSceneButton.cs","Assets/Scripts/UI/Button/LoadSceneButton.cs","project_csharp","버튼으로 지연 씬 전환","LoadSceneButton","495","UTF-8","none","ddca02825398001aa0657e5f806e0a8de40fce94","d46d3771781fc0b49a39e7af1d61d7a584d335fc13ac1feb9a0f78487013b248","true","none","0"
"Assets/Scripts/UI/Button/MultiButtonController.cs","Assets/Scripts/UI/Button/MultiButtonController.cs","project_csharp","선택한 패널만 열기","MultiButtonController","908","CP949","none","2d76b8b7f218ad92f8c774acba9e68782490f606","57cfcf3285ded9f40e7a466e8121c9cc7bccd3f633eecf510b32ac6ba5fe8783","true","UTF-8 connector text re-encoded as codepage 1252; exact blob and size matched","0"
"Assets/Scripts/UI/GameOverUI.cs","Assets/Scripts/UI/GameOverUI.cs","project_csharp","종료 세션 랭킹·플레이어 행과 패널 애니메이션","GameOverUI","2523","CP949","none","a859490e844d8b5fe673f30fdf77e857b855d993","acb933bed6a454c09c18ce2b1ba57d30cf8041926227917017e33c9fba817823","true","UTF-8 connector text re-encoded as codepage 949; exact blob and size matched","0"
"Assets/Scripts/UI/IconData.cs","Assets/Scripts/UI/IconData.cs","project_csharp","스킬 아이콘 이미지·이름·설명과 선택 버튼 참조","IconData","593","UTF-8","none","37cea4b932cfad73e8201d9b1c0d9cd168820e75","47a441ec4bacc838f71bacfb89c727a5096e1778f363a5d9ff02966377018807","true","none","0"
"Assets/Scripts/UI/InfoList.cs","Assets/Scripts/UI/InfoList.cs","project_csharp","랭킹 행 텍스트·메달·배경 표시","InfoList","1660","UTF-8","none","e88c3ace6eb9512ff4a72f620e8832a91dc87766","94d4bac09d580565a6120be2ec1d84ca2ca37eca90d9d69897aabaa2779a7975","true","none","0"
"Assets/Scripts/UI/InfoListDateTime.cs","Assets/Scripts/UI/InfoListDateTime.cs","project_csharp","랭킹 행에 기록 시각 표시 확장","InfoListDateTime","410","UTF-8","none","c263520da36133673a534bd12c024bb5e4c28b6b","91b1570a159b29b4b19bc717e69d69b7d3ff1fc9e31e2ead8f75241597503261","true","none","0"
"Assets/Scripts/UI/KillLogPanel.cs","Assets/Scripts/UI/KillLogPanel.cs","project_csharp","킬 로그 좌우 텍스트와 무기 이미지 표시","KillLogPanel","442","UTF-8","none","661b38a948e161fc7db38db24a1d1d16fe8cc5df","b9c25b6dce9d1b770e219c478dba77eae2e92cb1cfe8c2ddcd1ac31acf197f92","true","none","0"
"Assets/Scripts/UI/LiveRankingUI.cs","Assets/Scripts/UI/LiveRankingUI.cs","project_csharp","활성 세션 엔티티 랭킹·Player 행 갱신","LiveRankingUI","2071","UTF-8","none","e38183bf5084b77a8e3d1f5d233f8c0c3999a49c","cc784adf48e047937b214580534ca996fca6661dbd114769e7143f13bb11e5fa","true","none","0"
"Assets/Scripts/UI/LvExpUI.cs","Assets/Scripts/UI/LvExpUI.cs","project_csharp","레벨 텍스트와 경험치 슬라이더 표시","LvExpUI","512","UTF-8","none","f3ffd4073bcee6caa35bbe6a62bdc0d05d8e8280","6b5bb04c0ec16c068b765931c96ce3658514605b239cbafdbd2d6fa5c2163158","true","none","0"
"Assets/Scripts/UI/RankingUI.cs","Assets/Scripts/UI/RankingUI.cs","project_csharp","실시간 랭킹을 텍스트로 표시","RankingUI","786","CP949","none","bb11e7a8fc59a154468c09fd324fd378d1b36a70","89bec230a81c663ff30ca0cc37370e01265b8a067f0ebdeaeb7f8d096cc56cc3","true","UTF-8 connector text re-encoded as codepage 1252; exact blob and size matched","0"
"Assets/Scripts/UI/SkillIconManager.cs","Assets/Scripts/UI/SkillIconManager.cs","project_csharp","무기/스킬 후보 생성·선택 아이콘·선택 이벤트","SkillIconManager","2370","CP949","none","37dab01c893053f8c4d6338012376b118b1d9f0b","6e01b3bb561ae6f32459705b958164920bd8f596a381c2ba3fe46b6b41d681d2","true","UTF-8 connector text re-encoded as codepage 949; exact blob and size matched","0"
"Assets/Scripts/UI/UIController.cs","Assets/Scripts/UI/UIController.cs","project_csharp","플레이어 사망/레벨/경험치 이벤트와 HUD 연결","UIController","1459","UTF-8","none","e163bc642e03e5693dd57d08a03d736f1d299f26","29db3bf8e7b73b1352aaa5a952f665538629d0c7166e07900a4f0f5ad518b862","true","none","0"
"Assets/Scripts/Utils/Utils.cs","Assets/Scripts/Utils/Utils.cs","project_csharp","반경 내 임의 위치·목표 근접 검사","Utils","798","CP949","none","d9191022662a5f3c263030aa0c3adc82e6d66a6b","61586da0bd67205deb657fdd807296ee7afd000c78022c37fb193d691bc9aa96","true","UTF-8 connector text re-encoded as codepage 1252; exact blob and size matched","0"
"Assets/Scripts/Weapon/AxeWeapon.cs","Assets/Scripts/Weapon/AxeWeapon.cs","project_csharp","WeaponBase를 상속하는 도끼 타입; 추가 구현 없음","AxeWeapon","120","UTF-8","none","66d499c3cee7078781b534e23937ce142b4fdaa7","4c8cdb9b51a59f1063f1e461a21fdd2cd57adf561b65d39c4fb812e7292156e7","true","none","0"
"Assets/Scripts/Weapon/BowWeapon.cs","Assets/Scripts/Weapon/BowWeapon.cs","project_csharp","WeaponBase를 상속하는 활 타입; 추가 구현 없음","BowWeapon","94","UTF-8","none","ce67b007f069f0b2361daf186347431cf02a7c9d","64d277273746d642ae115f7a953c7dd8cecaf324598b50715ee0de0104bed57b","true","none","0"
"Assets/Scripts/Weapon/LevelUP/ILevelup.cs","Assets/Scripts/Weapon/LevelUP/ILevelup.cs","project_csharp","LevelUp 동작 인터페이스","ILevelup","57","UTF-8","none","5720441d620b51639a328c613e2ab4acc7164b87","e634a85b781b38d9b1b142e2e858d58b8dbd0bedfd0023acb478996bb86b096c","true","none","0"
"Assets/Scripts/Weapon/Projectile/ProjectileStorage.cs","Assets/Scripts/Weapon/Projectile/ProjectileStorage.cs","project_csharp","투사체 원형과 마지막 발사 시각 보관; 제외된 Projectile 의존","ProjectileStorage","809","CP949","none","6838fc034e4ed3d8a89e5c7a36722d7db9047d17","35e84ebc98f1be84669891e6a006fa046f8422ad9db855b4d8c8bb5c38ca9fe9","true","UTF-8 connector text re-encoded as codepage 949; exact blob and size matched","0"
"Assets/Scripts/Weapon/Projectile/Straight.cs","Assets/Scripts/Weapon/Projectile/Straight.cs","project_csharp","제외된 Projectile을 상속하는 직선 이동 구현","Straight","436","UTF-8","none","c6cafd3bd91488fe2a943502abbbc510eaec0435","619c4cc3fadc1369a555e356e8f7a352f83053a1eb2e57b26c336da0a0a0e6f7","true","none","0"
"Assets/Scripts/Weapon/Skill/BaseSkill.cs","Assets/Scripts/Weapon/Skill/BaseSkill.cs","project_csharp","스킬 SO·소유 엔티티 초기화와 레벨 증가","BaseSkill","474","UTF-8","none","67c7b8f79dcf7e0d53cf80e82961af99d4265109","298f84186a147059c4aa705972f8dac78785bdbcbfc7c3826cb346ff4cd6d85f","true","none","0"
"Assets/Scripts/Weapon/Skill/Healthup.cs","Assets/Scripts/Weapon/Skill/Healthup.cs","project_csharp","레벨업 시 최대 HP 증가","Healthup","320","CP949","none","826bac17224131238d0fb0fec81ae5fc80840748","3f543dd15955d06d5e402236540ccda252cdd9697395b25da28158668f95c39c","true","UTF-8 connector text re-encoded as codepage 1252; exact blob and size matched","0"
"Assets/Scripts/Weapon/WeaponBase.cs","Assets/Scripts/Weapon/WeaponBase.cs","project_csharp","SO 무기 수치·투사체별 발사 주기·생성·레벨업","WeaponBase","1953","CP949","none","6a91fd054bb38cc8524aeadb146894ee78262bf2","9bb99ac4087c9ccbe2568c8f9b1e82d79a7b8b59702775afd0b25cfe379b241d","true","UTF-8 connector text re-encoded as codepage 949; exact blob and size matched","0"
"Assets/SO/Projectile/SOProjectile.cs","Assets/SO/Projectile/SOProjectile.cs","project_csharp","투사체 수치·이름·아이콘의 ScriptableObject 클래스","SOProjectile","404","UTF-8","none","e1d52ef1a16763fe97003e655cd9f8b0da7ccc27","8ebb4217813637bc43f784ee7291f998f34ce1bc51a392b4a6eb54d35fdb42fa","true","none","0"
"Assets/SO/Skill/SOSkill.cs","Assets/SO/Skill/SOSkill.cs","project_csharp","스킬 이름·아이콘·레벨·설명 클래스","SOSkill","251","UTF-8","none","0cc3f6151301bb3a12a0a9152a247078d70b78ef","d423e98427c7a2be96fe36a75e8734ad59cf65a41c616115d2ea783fc14399a4","true","none","0"
"Assets/SO/Weapon/SOWeapon.cs","Assets/SO/Weapon/SOWeapon.cs","project_csharp","무기 이름·아이콘·레벨·수치 배율 클래스","SOWeapon","466","UTF-8","none","597031ebadfa08b58eb798ef5275fa933baa1e32","c8d5933994b3066efadea25d3d4f2a974c9dbc1852ee7046f427ab327253a8f0","true","none","0"
"ReviewContext/Packages/manifest.json","Packages/manifest.json","review_context","직접 패키지 의존성 및 요청 버전 문맥","","1972","UTF-8","none","d338e3d5ac598ec7c4e1020adee428f2228f0eb1","312827790842851a211dae3a0935c5cc4873da6b5fa588c57856e1e7bdd58a12","true","none","0"
"ReviewContext/Packages/packages-lock.json","Packages/packages-lock.json","review_context","resolved 패키지 버전·출처·의존성 문맥","","11396","UTF-8","none","6a27c6c6d849b4322a1b4c5eeeb5a6238c7b5235","4a143e8553bd19777b50c1a2c30f3c3947df622d3c406270f8bfa67420338bf7","true","none","0"
"ReviewContext/ProjectSettings/ProjectVersion.txt","ProjectSettings/ProjectVersion.txt","review_context","Unity Editor 버전·리비전 문맥","","85","UTF-8","none","31459c03d6428e40ba10c680f98c69b67555c49c","f1e325df65256c89ec3da81c1aa37a8768d1070e90073904aa31fa0f62e38cf4","true","none","0"
